,City,Country,Lat,Lng,Max Temp,Humidity,Cloudiness,Wind Speed,Current Description
0,Altamira,BR,-3.2,-52.21,81.23,60,69,2.04,broken clouds
1,Port Hawkesbury,CA,45.62,-61.35,60.01,72,40,4.7,scattered clouds
2,Hilo,US,19.73,-155.09,80.6,65,90,4.7,light rain
3,Goderich,CA,43.75,-81.72,80.01,71,98,17.09,overcast clouds
4,Mataura,NZ,-46.19,168.86,46.0,86,100,15.01,light rain
5,Ewa Beach,US,21.32,-158.01,87.8,48,20,8.05,few clouds
6,Saint-Philippe,RE,-21.36,55.77,68.0,64,39,6.93,scattered clouds
7,Vila Velha,BR,-20.33,-40.29,79.0,83,1,16.11,clear sky
8,Norman Wells,CA,65.28,-126.83,46.4,65,75,6.93,broken clouds
9,Saskylakh,RU,71.92,114.08,31.69,95,95,8.86,overcast clouds
10,Port Alfred,ZA,-33.59,26.89,54.43,62,0,17.67,clear sky
11,Whitehorse,CA,60.72,-135.05,53.01,57,75,11.41,light intensity shower rain
12,Albany,US,42.6,-73.97,75.0,67,27,6.46,scattered clouds
13,Ushuaia,AR,-54.8,-68.3,39.2,69,40,28.86,shower rain
14,Prince Rupert,CA,54.32,-130.32,57.2,71,1,6.93,clear sky
15,Jiayuguan,CN,39.82,98.3,50.43,41,81,2.98,broken clouds
16,Constitucion,CL,-35.33,-72.42,53.82,67,7,10.74,clear sky
17,Atuona,PF,-9.8,-139.03,78.28,74,0,14.74,clear sky
18,Butaritari,KI,3.07,172.79,82.04,73,100,11.32,light rain
19,Hithadhoo,MV,-0.6,73.08,82.27,69,99,5.46,overcast clouds
20,Bilibino,RU,68.05,166.44,33.84,90,99,2.37,overcast clouds
21,Shakawe,BW,-18.37,21.85,71.44,21,0,4.92,clear sky
22,Paita,PE,-5.09,-81.11,65.44,75,26,16.46,scattered clouds
23,Dauphin,CA,51.15,-100.05,59.0,82,90,4.7,overcast clouds
24,Niamtougou,TG,9.77,1.11,75.2,94,20,3.51,few clouds
25,Tuatapere,NZ,-46.13,167.68,46.0,86,100,15.01,light rain
26,Isangel,VU,-19.55,169.27,78.44,77,11,9.15,few clouds
27,Hermanus,ZA,-34.42,19.23,46.0,92,20,7.27,light rain
28,Miyako,JP,39.64,141.95,60.93,85,100,3.58,light rain
29,Kodiak,US,57.79,-152.41,50.0,81,40,8.05,scattered clouds
30,Akyab,MM,20.15,92.9,80.1,83,90,4.41,light rain
31,Chuy,UY,-33.7,-53.46,60.67,94,99,12.37,moderate rain
32,Tuktoyaktuk,CA,69.45,-133.04,37.4,93,90,16.11,light rain
33,Rawson,AR,-43.3,-65.1,54.64,54,95,11.95,overcast clouds
34,Barrow,US,71.29,-156.79,32.0,97,90,10.29,overcast clouds
35,Bluff,NZ,-46.6,168.33,46.0,86,100,15.01,overcast clouds
36,Hobart,AU,-42.88,147.33,46.99,56,75,18.34,shower rain
37,Hambantota,LK,6.12,81.12,77.0,100,18,3.36,few clouds
38,Grand Gaube,MU,-20.01,57.66,69.01,76,3,4.0,light rain
39,Yozgat,TR,39.58,35.33,61.21,47,0,3.62,clear sky
40,Coquimbo,CL,-29.95,-71.34,59.0,62,0,9.17,clear sky
41,Arraial Do Cabo,BR,-22.97,-42.03,75.2,83,0,14.99,clear sky
42,Namatanai,PG,-3.67,152.43,83.82,72,9,8.32,clear sky
43,Gamba,GA,-2.65,10.0,75.24,80,100,8.63,overcast clouds
44,San Cristobal,VE,7.77,-72.22,87.8,55,40,10.29,scattered clouds
45,The Pas,CA,53.83,-101.25,66.2,45,1,6.93,clear sky
46,The Valley,AI,18.22,-63.06,86.0,79,40,8.05,scattered clouds
47,Fortuna,US,40.6,-124.16,71.01,73,40,13.87,scattered clouds
48,Lorengau,PG,-2.02,147.27,83.57,75,97,6.53,moderate rain
49,Deputatskiy,RU,69.3,139.9,34.41,86,2,5.91,clear sky
50,Rikitea,PF,-23.12,-134.97,74.28,84,0,14.03,clear sky
51,Victoria,HK,22.29,114.16,81.0,87,99,19.6,overcast clouds
52,Fort Nelson,CA,58.81,-122.7,48.2,93,90,11.41,mist
53,Lebu,CL,-37.62,-73.65,52.02,81,35,8.66,scattered clouds
54,Katangli,RU,51.71,143.23,50.63,87,100,13.18,overcast clouds
55,Pushkino,RU,56.02,37.87,61.0,81,71,8.95,broken clouds
56,Tasiilaq,GL,65.61,-37.64,39.2,80,100,6.93,light rain
57,Maningrida,AU,-12.07,134.27,75.4,81,99,5.26,overcast clouds
58,Oranjemund,NA,-28.55,16.43,54.61,72,0,11.83,clear sky
59,Nikolskoye,RU,59.7,30.79,57.0,81,3,6.71,clear sky
60,Puerto Narino,CO,-3.77,-70.38,86.0,74,20,4.7,few clouds
61,Beringovskiy,RU,63.05,179.32,35.89,77,11,13.56,few clouds
62,Mana,GF,5.66,-53.78,80.28,81,28,10.51,light rain
63,Puerto Ayora,EC,-0.74,-90.35,70.0,84,56,5.01,broken clouds
64,La Union,PE,-5.4,-80.75,76.41,49,34,17.74,scattered clouds
65,Buraydah,SA,26.33,43.98,80.6,28,0,2.24,clear sky
66,Avera,US,33.19,-82.53,75.99,83,1,4.7,clear sky
67,Berlevag,NO,70.86,29.09,41.99,66,8,18.43,clear sky
68,Svetlogorsk,BY,52.63,29.73,65.32,41,0,14.65,clear sky
69,Cap Malheureux,MU,-19.98,57.61,69.01,76,2,4.0,light rain
70,Meulaboh,ID,4.14,96.13,75.7,85,84,3.62,light rain
71,Civita Castellana,IT,42.3,12.41,52.0,82,8,1.01,light rain
72,Guerrero Negro,MX,27.98,-114.06,79.2,49,0,13.76,clear sky
73,Ravar,IR,31.27,56.81,65.28,25,0,4.03,clear sky
74,Kashi,CN,39.45,75.98,64.4,35,40,4.47,dust
75,La Ronge,CA,55.1,-105.28,60.8,48,75,14.99,broken clouds
76,Puerto Carreno,CO,6.19,-67.49,93.2,46,20,3.36,few clouds
77,Hasaki,JP,35.73,140.83,64.4,93,75,9.17,light rain
78,Takoradi,GH,4.88,-1.76,74.7,93,11,7.34,few clouds
79,Paamiut,GL,61.99,-49.67,39.6,76,0,12.77,clear sky
80,East London,ZA,-33.02,27.91,56.44,54,0,18.43,clear sky
81,Qaanaaq,GL,77.48,-69.36,13.21,77,59,6.15,broken clouds
82,Saint-Joseph,RE,-21.37,55.62,68.0,64,18,6.93,few clouds
83,Nanortalik,GL,60.14,-45.24,38.7,82,99,8.63,overcast clouds
84,Somerset,US,40.57,-74.55,73.99,73,40,3.36,scattered clouds
85,Urman,RU,54.88,56.87,44.78,89,53,1.5,broken clouds
86,New Norfolk,AU,-42.78,147.06,46.99,70,31,1.99,scattered clouds
87,Gasa,PS,31.5,34.47,78.01,73,0,3.36,clear sky
88,Salalah,OM,17.02,54.09,78.8,83,75,4.7,broken clouds
89,Susanville,US,40.42,-120.65,75.99,27,1,3.98,clear sky
90,Taoudenni,ML,22.68,-3.98,98.11,9,0,5.32,clear sky
91,Lazaro Cardenas,MX,17.96,-102.2,83.75,72,5,6.22,clear sky
92,Ponta Do Sol,PT,32.67,-17.1,71.6,60,40,12.75,scattered clouds
93,Bozhou,CN,33.88,115.77,62.33,89,50,6.42,scattered clouds
94,Rognan,NO,67.1,15.39,37.0,93,6,6.22,clear sky
95,Nuuk,GL,64.18,-51.72,37.4,93,89,6.93,overcast clouds
96,Esperance,AU,-33.87,121.9,53.6,93,75,8.05,broken clouds
97,Batemans Bay,AU,-35.72,150.18,53.19,49,3,10.96,clear sky
98,Chara,RU,56.91,118.26,38.84,75,49,6.15,scattered clouds
99,Khatanga,RU,71.97,102.5,40.12,90,100,21.25,light rain
100,Bathsheba,BB,13.22,-59.52,86.0,66,40,13.87,shower rain
101,Busselton,AU,-33.65,115.33,48.99,84,93,3.85,overcast clouds
102,Kenmare,IE,51.88,-9.58,41.7,82,0,0.65,clear sky
103,Comodoro Rivadavia,AR,-45.87,-67.5,62.6,55,0,1.12,clear sky
104,Margate,GB,51.38,1.39,54.0,68,100,11.99,overcast clouds
105,Sao Joao Da Barra,BR,-21.64,-41.05,77.0,78,0,18.34,clear sky
106,Saint-Augustin,CA,51.23,-58.65,49.73,55,100,10.22,overcast clouds
107,Fare,PF,-16.7,-151.02,79.36,76,3,12.17,clear sky
108,Makakilo City,US,21.35,-158.09,87.8,58,40,12.75,scattered clouds
109,Georgetown,MY,5.41,100.34,78.8,78,40,5.82,scattered clouds
110,Omboue,GA,-1.57,9.26,75.61,82,100,11.01,overcast clouds
111,Santa Cruz,BO,-17.8,-63.17,91.4,52,20,25.28,few clouds
112,Razole,IN,16.48,81.83,75.85,87,100,5.73,overcast clouds
113,Chokurdakh,RU,70.63,147.92,37.42,76,100,10.16,overcast clouds
114,Punta Arenas,CL,-53.15,-70.92,42.8,60,40,19.46,scattered clouds
115,Tiksi,RU,71.69,128.87,41.07,78,100,7.52,light rain
116,Plettenberg Bay,ZA,-34.05,23.37,49.86,74,24,9.86,light rain
117,Mahur,IN,25.17,93.12,70.23,98,100,2.48,light rain
118,Barahona,DO,18.21,-71.1,89.6,66,20,13.87,few clouds
119,Jamestown,US,42.1,-79.24,73.0,64,20,10.29,few clouds
120,Nyurba,RU,63.28,118.33,37.74,95,17,7.25,few clouds
121,Bredasdorp,ZA,-34.53,20.04,46.4,87,5,4.7,clear sky
122,Emba,KZ,48.83,58.14,47.08,52,0,8.5,clear sky
123,Vaini,TO,-21.2,-175.2,77.0,73,20,10.29,few clouds
124,Chernyshevskiy,RU,63.01,112.47,34.02,96,0,3.78,clear sky
125,Yerbogachen,RU,61.28,108.01,36.07,91,0,5.91,clear sky
126,Kimberley,ZA,-28.73,24.76,46.4,33,0,1.12,clear sky
127,Puerto Baquerizo Moreno,EC,-0.9,-89.6,66.52,86,61,12.64,broken clouds
128,Saint-Pierre,RE,-21.34,55.48,68.0,64,0,6.93,clear sky
129,Fremont,US,37.55,-121.99,84.99,42,5,13.87,clear sky
130,Lulea,SE,65.58,22.15,44.6,75,100,6.93,overcast clouds
131,Capao Da Canoa,BR,-29.75,-50.01,64.15,94,84,13.38,light rain
132,Cape Town,ZA,-33.93,18.42,50.0,87,75,10.29,light rain
133,Kayerkan,RU,69.35,87.76,46.4,87,90,24.61,light rain
134,Kaeo,NZ,-35.1,173.78,63.0,95,100,8.01,heavy intensity rain
135,Kapaa,US,22.08,-159.32,86.0,62,90,11.41,overcast clouds
136,Yellowknife,CA,62.46,-114.35,44.6,87,90,11.41,light rain
137,Bahia Honda,CU,22.9,-83.16,84.04,81,100,3.13,very heavy rain
138,Pinyug,RU,60.25,47.78,46.45,93,0,4.79,clear sky
139,Patacamaya,BO,-17.23,-67.92,57.06,36,28,12.12,scattered clouds
140,Lokosovo,RU,61.13,74.82,40.24,96,8,5.48,clear sky
141,Thompson,CA,55.74,-97.86,55.4,71,75,12.75,broken clouds
142,Lake Havasu City,US,34.48,-114.32,100.99,8,1,4.7,clear sky
143,Onega,RU,63.91,38.14,53.56,90,70,5.97,broken clouds
144,Kaitangata,NZ,-46.28,169.85,46.99,74,100,14.0,moderate rain
145,Kurilsk,RU,45.23,147.88,52.83,86,100,19.93,moderate rain
146,Upernavik,GL,72.79,-56.15,29.12,91,100,5.84,overcast clouds
147,Iracoubo,GF,5.48,-53.2,80.44,79,1,10.33,light rain
148,Souillac,MU,-20.52,57.52,68.0,82,40,4.7,scattered clouds
149,Mayo,US,38.89,-76.51,70.0,100,90,4.7,overcast clouds
150,Namibe,AO,-15.2,12.15,62.58,88,82,7.11,broken clouds
151,Porto Velho,BR,-8.76,-63.9,82.4,74,40,2.24,scattered clouds
152,Ulladulla,AU,-35.35,150.47,55.4,50,0,13.87,clear sky
153,Port Blair,IN,11.67,92.75,82.06,77,88,11.92,light rain
154,Rabo De Peixe,PT,37.8,-25.58,69.8,83,75,13.87,broken clouds
155,Alofi,NU,-19.06,-169.92,78.8,65,67,19.46,broken clouds
156,San Patricio,MX,19.22,-104.7,87.8,70,40,11.41,scattered clouds
157,Bambous Virieux,MU,-20.34,57.76,69.01,82,40,4.7,scattered clouds
158,Camacha,PT,33.08,-16.33,69.8,68,75,9.17,broken clouds
159,Concordia,AR,-31.39,-58.02,72.0,73,83,8.05,light rain
160,Tabou,CI,4.42,-7.35,75.97,89,84,8.1,light rain
161,Dikson,RU,73.51,80.55,39.61,77,100,33.02,light rain
162,Mahon,ES,39.89,4.27,68.0,56,20,16.11,few clouds
163,Castro,BR,-24.79,-50.01,70.11,48,20,2.86,few clouds
164,Yulara,AU,-25.24,130.99,59.0,26,0,13.87,clear sky
165,Alice,US,27.75,-98.07,93.2,41,1,11.41,clear sky
166,Port Elizabeth,ZA,-33.92,25.57,50.0,76,75,18.34,light rain
167,Tottori,JP,35.5,134.23,71.6,73,75,20.8,shower rain
168,Suez,EG,29.97,32.53,74.77,65,0,8.08,clear sky
169,Vardo,NO,70.37,31.11,42.62,66,10,17.18,clear sky
170,Southbridge,US,42.08,-72.03,71.01,71,57,6.55,broken clouds
171,Yuanping,CN,38.72,112.76,54.86,84,24,0.85,few clouds
172,Yaya,RU,56.21,86.44,41.59,91,99,3.98,overcast clouds
173,Bethel,US,41.37,-73.41,71.6,73,75,4.7,broken clouds
174,Padang,ID,-0.95,100.35,74.84,82,100,4.7,light rain
175,Mazagao,BR,-0.12,-51.29,86.0,70,89,6.93,overcast clouds
176,Maldonado,UY,-34.67,-54.92,62.6,93,40,5.82,scattered clouds
177,Faanui,PF,-16.48,-151.75,78.39,79,5,13.56,clear sky
178,Provideniya,RU,64.38,-173.3,36.97,74,61,12.39,broken clouds
179,Luderitz,NA,-26.65,15.16,54.61,63,0,22.73,clear sky
180,Torrelodones,ES,40.58,-3.93,62.01,72,9,4.0,clear sky
181,Codrington,AU,-38.27,141.97,48.47,77,36,6.89,scattered clouds
182,Abalak,RU,58.13,68.59,47.05,88,100,4.38,overcast clouds
183,Katsuura,JP,35.13,140.3,66.0,91,100,13.44,light rain
184,Talnakh,RU,69.49,88.4,46.4,87,90,24.61,light rain
185,Boa Vista,BR,2.82,-60.67,93.2,38,40,4.7,scattered clouds
186,Jumla,NP,29.27,82.18,50.0,53,1,4.83,clear sky
187,Pudozh,RU,61.81,36.53,52.39,90,27,5.53,scattered clouds
188,Altay,CN,47.87,88.12,35.35,79,11,2.39,few clouds
189,Avarua,CK,-21.21,-159.78,75.2,73,51,6.93,broken clouds
190,Andenes,NO,69.31,16.12,32.0,62,58,9.17,broken clouds
191,Vila Franca Do Campo,PT,37.72,-25.43,69.8,83,75,13.87,broken clouds
192,Coihaique,CL,-45.58,-72.07,51.8,53,75,6.93,broken clouds
193,Cidreira,BR,-30.18,-50.21,64.65,93,94,18.54,moderate rain
194,Burnie,AU,-41.07,145.92,46.0,63,12,17.0,few clouds
195,Raudeberg,NO,61.99,5.14,48.99,77,0,15.32,clear sky
196,Pemangkat,ID,1.17,108.97,74.44,94,100,5.97,light rain
197,Griffin,US,33.25,-84.26,80.01,57,40,3.36,scattered clouds
198,Port Lincoln,AU,-34.73,135.87,52.36,66,3,9.44,clear sky
199,Rio Branco,BR,-9.97,-67.81,78.8,83,75,10.29,moderate rain
200,Hofn,IS,64.25,-15.21,49.59,96,100,21.12,moderate rain
201,Port Hardy,CA,50.7,-127.42,55.4,87,75,2.24,broken clouds
202,Mogadishu,SO,2.04,45.34,76.53,86,3,13.27,clear sky
203,Fort-Shevchenko,KZ,44.51,50.26,61.34,43,76,20.58,broken clouds
204,Bengkulu,ID,-3.8,102.27,75.11,87,99,6.71,light rain
205,Acarau,BR,-2.89,-40.12,77.7,79,1,17.02,clear sky
206,Qui Nhon,VN,13.77,109.23,78.6,84,100,4.32,light rain
207,Saint George,US,37.1,-113.58,93.2,8,1,9.17,clear sky
208,Nieuw Amsterdam,SR,5.88,-55.08,82.0,78,20,7.72,few clouds
209,Cherskiy,RU,68.75,161.3,37.29,81,2,15.23,clear sky
210,Buin,CL,-33.73,-70.75,64.0,42,0,8.05,clear sky
211,Mardin,TR,37.31,40.74,75.2,50,0,9.17,clear sky
212,Yar-Sale,RU,66.83,70.83,45.41,91,100,5.75,overcast clouds
213,Coahuayana,MX,18.73,-103.68,78.8,83,75,11.41,thunderstorm
214,Bulawayo,ZW,-20.15,28.58,74.16,20,49,11.16,scattered clouds
215,Ribeira Grande,PT,38.52,-28.7,70.23,85,10,12.44,clear sky
216,Kahului,US,20.89,-156.47,89.6,43,40,17.22,scattered clouds
217,Izumo,JP,35.37,132.77,68.0,77,75,20.8,broken clouds
218,Beyneu,KZ,45.32,55.2,51.35,53,0,13.38,clear sky
219,Russell,US,32.35,-85.2,82.4,54,20,4.41,few clouds
220,Pitimbu,BR,-7.47,-34.81,75.2,88,12,8.05,few clouds
221,Sovetskaya,RU,44.78,41.17,57.0,8,0,13.0,clear sky
222,Nome,US,64.5,-165.41,39.2,51,40,8.05,scattered clouds
223,Saint-Denis,FR,48.92,2.33,52.0,93,90,9.17,overcast clouds
224,Stornoway,GB,58.21,-6.39,48.2,76,28,4.7,scattered clouds
225,Kidal,ML,18.44,1.41,92.05,12,0,4.12,clear sky
226,Xingtai,CN,37.06,114.49,62.38,65,65,3.91,broken clouds
227,Hamilton,US,39.18,-84.53,77.0,64,75,11.41,broken clouds
228,Maraa,BR,-1.83,-65.37,80.69,78,80,0.43,light rain
229,Mezhdurechenskiy,RU,59.6,65.93,45.52,93,28,4.5,scattered clouds
230,Dingle,PH,11.0,122.67,76.19,88,89,1.54,overcast clouds
231,Khandyga,RU,62.67,135.6,47.59,53,99,7.85,overcast clouds
232,Aklavik,CA,68.22,-135.01,33.8,70,90,10.29,light intensity drizzle
233,Melo,UY,-32.37,-54.18,61.99,93,89,16.6,light rain
234,Pindwara,IN,24.8,73.07,72.73,77,0,3.51,clear sky
235,Boulder,US,40.08,-105.35,87.01,13,1,8.05,clear sky
236,Henties Bay,NA,-22.12,14.28,54.0,84,0,1.01,clear sky
237,Chicama,PE,-7.84,-79.15,68.5,65,28,9.71,scattered clouds
238,Eggenfelden,DE,48.41,12.76,48.0,93,100,1.01,overcast clouds
239,Semypolky,UA,50.72,30.93,71.01,37,3,11.18,clear sky
240,Atar,MR,20.52,-13.05,97.34,17,3,10.89,clear sky
241,Walvis Bay,NA,-22.96,14.51,54.0,76,0,6.93,clear sky
242,Lodja,CD,-3.48,23.43,71.2,96,91,1.3,overcast clouds
243,Klaksvik,FO,62.23,-6.59,46.4,81,100,12.75,overcast clouds
244,Lompoc,US,34.64,-120.46,75.99,60,1,19.46,clear sky
245,Luhyny,UA,51.08,28.4,66.74,57,80,14.65,broken clouds
246,Charlestown,AU,-32.95,151.67,55.4,54,0,18.34,clear sky
247,Bohdan,UA,48.04,24.35,52.34,84,100,3.24,light rain
248,Gornyy,RU,55.12,83.91,39.96,93,83,2.28,broken clouds
249,Antofagasta,CL,-23.65,-70.4,59.0,77,75,16.11,broken clouds
250,Buala,SB,-8.14,159.59,83.77,73,18,9.48,light rain
251,Bandarbeyla,SO,9.49,50.81,76.8,81,34,24.47,scattered clouds
252,Seoul,KR,37.57,126.98,57.2,87,1,3.87,clear sky
253,Ilulissat,GL,69.22,-51.1,32.0,97,100,9.17,overcast clouds
254,Pineville,US,31.32,-92.43,84.2,54,20,5.82,few clouds
255,Perth,AU,-31.93,115.83,48.2,93,20,6.93,few clouds
256,Anuradhapura,LK,8.36,80.42,77.02,85,89,9.22,overcast clouds
257,West Bay,KY,19.37,-81.42,87.8,70,20,6.93,few clouds
258,Tessalit,ML,20.2,1.01,89.62,12,0,11.59,clear sky
259,Naze,JP,28.37,129.48,77.0,78,75,6.93,light rain
260,Lisala,CD,2.15,21.52,69.75,96,91,0.54,light rain
261,Voyvozh,RU,62.89,54.96,48.85,97,66,5.3,broken clouds
262,Smithers,CA,54.78,-127.17,57.2,44,40,6.87,light intensity shower rain
263,Boende,CD,-0.22,20.87,72.03,93,100,1.14,overcast clouds
264,Karasjok,NO,69.47,25.51,32.0,95,17,18.34,few clouds
265,Bodaybo,RU,57.85,114.19,45.19,84,100,5.26,light rain
266,Manokwari,ID,-0.87,134.08,79.99,71,34,3.13,scattered clouds
267,Panjab,AF,34.39,67.02,32.88,84,0,3.47,clear sky
268,Odate,JP,40.27,140.57,62.01,82,75,1.12,broken clouds
269,Aykhal,RU,66.0,111.5,28.4,100,90,11.18,fog
270,Kavieng,PG,-2.57,150.8,83.71,79,67,13.58,broken clouds
271,Upata,VE,8.01,-62.4,75.29,92,100,3.49,light rain
272,Mount Isa,AU,-20.73,139.5,69.8,19,0,6.93,clear sky
273,Kalianget,ID,-7.05,113.93,79.97,79,95,7.81,overcast clouds
274,Broken Hill,AU,-31.95,141.43,48.2,70,1,6.93,clear sky
275,Hovd,MN,48.01,91.64,38.17,69,90,2.17,overcast clouds
276,Vestmanna,FO,62.16,-7.17,46.4,81,100,12.75,overcast clouds
277,Dukat,RU,62.55,155.55,38.08,74,0,5.82,clear sky
278,Kaseda,JP,31.42,130.32,60.8,100,20,8.05,few clouds
279,Yaan,NG,7.38,8.57,72.07,98,100,3.76,overcast clouds
280,Erzin,TR,36.96,36.2,79.0,80,16,1.81,few clouds
281,Lavrentiya,RU,65.58,-171.0,36.95,78,78,14.99,broken clouds
282,Butterworth,MY,5.4,100.36,78.8,78,40,5.82,scattered clouds
283,Makungu,TZ,-8.73,35.28,60.64,75,7,2.98,clear sky
284,Mar Del Plata,AR,-38.0,-57.56,54.0,100,90,11.41,mist
285,Nurota,UZ,40.56,65.69,55.4,35,0,9.17,clear sky
286,Los Llanos De Aridane,ES,28.66,-17.92,75.2,78,90,14.99,overcast clouds
287,Bunia,CD,1.57,30.25,62.47,91,85,1.28,overcast clouds
288,Gwadar,PK,25.12,62.33,80.96,73,0,7.63,clear sky
289,Springbok,ZA,-29.66,17.89,39.22,90,0,3.4,clear sky
290,Edd,ER,13.93,41.69,86.99,66,49,2.26,scattered clouds
291,Lingao,CN,19.91,109.69,79.14,88,100,7.47,overcast clouds
292,Kijang,KR,35.24,129.21,62.6,82,20,6.93,few clouds
293,Sorland,NO,67.67,12.69,44.08,67,63,14.94,broken clouds
294,Cabra,ES,37.47,-4.44,66.99,38,70,4.88,broken clouds
295,Bassar,TG,9.25,0.78,75.2,94,20,1.81,few clouds
296,Inhapim,BR,-19.55,-42.12,72.72,50,0,5.32,clear sky
297,Tabat,ID,-2.63,115.23,74.14,92,100,1.28,overcast clouds
298,Causapscal,CA,48.35,-67.23,65.57,76,90,10.45,overcast clouds
299,Sidi Bin Nur,TN,35.53,10.92,69.8,56,20,10.29,few clouds
300,Bonavista,CA,48.65,-53.11,53.92,66,36,10.18,scattered clouds
301,Ostrovnoy,RU,68.05,39.51,42.33,92,100,15.37,moderate rain
302,Sistranda,NO,63.73,8.83,44.6,75,40,4.7,scattered clouds
303,Longyearbyen,SJ,78.22,15.64,26.6,79,40,3.36,scattered clouds
304,Kloulklubed,PW,7.04,134.26,80.6,88,75,3.36,broken clouds
305,Olafsvik,IS,64.89,-23.71,46.06,86,33,7.27,scattered clouds
306,Hualmay,PE,-11.1,-77.61,64.53,74,21,10.89,few clouds
307,Kiomboi,TZ,-4.27,34.37,70.92,47,90,5.99,overcast clouds
308,Chatakonda,IN,17.55,80.65,73.47,95,100,1.7,overcast clouds
309,Roma,US,43.21,-75.46,75.2,57,90,10.29,overcast clouds
310,Pacific Grove,US,36.62,-121.92,73.99,74,1,5.82,clear sky
311,Havelock,US,34.88,-76.9,81.0,80,25,4.23,light rain
312,Naron,ES,43.52,-8.15,62.6,93,75,8.05,broken clouds
313,Taltal,CL,-25.4,-70.48,59.88,67,20,7.05,few clouds
314,Santa Luzia,BR,-19.77,-43.85,82.4,41,1,6.93,clear sky
315,Carnarvon,AU,-24.87,113.63,57.2,100,0,8.05,clear sky
316,Ampanihy,MG,-24.7,44.75,70.27,79,1,4.0,clear sky
317,Iskateley,RU,67.68,53.15,48.0,89,76,4.05,broken clouds
318,Vestmannaeyjar,IS,63.44,-20.27,50.29,97,100,9.51,moderate rain
319,Umkomaas,ZA,-30.21,30.8,60.01,87,100,3.0,overcast clouds
320,Kendari,ID,-3.94,122.5,76.03,91,100,2.59,light rain
321,Sarkand,KZ,45.41,79.92,38.55,66,0,1.86,clear sky
322,Iralaya,HN,15.0,-83.23,87.8,74,40,6.93,scattered clouds
323,Segamat,MY,2.51,102.82,75.2,94,40,3.36,scattered clouds
324,Ahipara,NZ,-35.17,173.17,57.96,87,95,8.59,moderate rain
325,Winnemucca,US,40.97,-117.74,75.2,23,1,17.22,clear sky
326,Zhanaozen,KZ,43.3,52.8,53.44,46,98,19.75,overcast clouds
327,Peniche,PT,39.36,-9.38,64.99,83,14,8.99,few clouds
328,Cozumel,MX,20.51,-86.95,89.6,66,75,6.93,broken clouds
329,Strelka,RU,58.07,93.03,43.11,90,91,5.99,overcast clouds
330,Saint-Francois,FR,46.42,3.91,44.01,93,11,2.24,few clouds
331,Clyde River,CA,70.47,-68.59,26.6,100,75,9.17,broken clouds
332,Surt,LY,31.21,16.59,75.65,76,1,12.06,clear sky
333,Marivan,IR,35.52,46.18,58.8,52,0,3.04,clear sky
334,Santa Fe,AR,-31.63,-60.7,80.01,55,19,8.01,few clouds
335,Airai,TL,-8.93,125.41,60.87,78,100,3.02,overcast clouds
336,Samarai,PG,-10.62,150.67,79.65,85,98,13.94,moderate rain
337,Lagoa,PT,39.05,-27.98,69.62,83,0,17.22,clear sky
338,Oksfjord,NO,70.24,22.35,35.6,79,92,6.93,overcast clouds
339,Pisco,PE,-13.7,-76.22,66.2,72,3,18.34,clear sky
340,Wau,SS,7.7,28.0,71.55,92,98,3.2,overcast clouds
341,Yueyang,CN,29.33,113.09,62.89,93,96,1.68,overcast clouds
342,Dakar,SN,14.69,-17.44,77.0,94,23,9.82,few clouds
343,Shahpura,IN,27.38,75.97,73.4,88,75,3.36,mist
344,Porosozero,RU,62.72,32.73,51.24,94,51,4.61,broken clouds
345,Jaisalmer,IN,26.91,70.92,82.92,64,0,16.75,clear sky
346,Maniitsoq,GL,65.42,-52.9,36.1,95,100,9.13,light rain
347,Labuhan,ID,-6.88,112.21,77.61,81,98,9.4,overcast clouds
348,Benguela,AO,-12.58,13.41,71.82,76,89,4.63,overcast clouds
349,Torbay,CA,47.67,-52.73,54.0,66,20,5.82,few clouds
350,Asosa,ET,10.07,34.53,61.36,100,100,2.62,light rain
351,Mae Sai,TH,20.43,99.88,75.2,100,100,2.24,mist
352,Nebolchi,RU,59.12,33.35,55.0,81,0,7.2,clear sky
353,Mehamn,NO,71.04,27.85,40.89,69,0,16.67,clear sky
354,Hare Bay,CA,48.85,-54.01,53.6,50,40,9.17,scattered clouds
355,Sechura,PE,-5.56,-80.82,71.74,58,44,17.38,scattered clouds
356,Anito,PH,12.45,125.29,77.85,89,97,2.75,light rain
357,Skelleftea,SE,64.75,20.95,44.01,93,100,10.29,moderate rain
358,Mahebourg,MU,-20.41,57.7,68.0,82,40,4.7,scattered clouds
359,Noumea,NC,-22.28,166.46,80.01,83,90,6.93,overcast clouds
360,Tateyama,JP,34.98,139.87,66.0,91,100,10.69,light rain
361,Dinguiraye,GN,11.3,-10.72,73.26,90,97,2.64,light rain
362,Lakki Marwat,PK,32.61,70.91,82.15,24,0,5.46,clear sky
363,Thunder Bay,CA,48.4,-89.32,57.2,93,90,5.82,overcast clouds
364,Teguise,ES,29.06,-13.56,73.4,73,20,20.8,few clouds
365,Kavaratti,IN,10.57,72.64,81.23,81,100,10.56,heavy intensity rain
366,Umm Lajj,SA,25.02,37.27,84.11,55,0,10.98,clear sky
367,General Roca,AR,-39.03,-67.58,64.4,22,20,10.29,light rain
368,Dambulla,LK,7.86,80.65,74.44,80,95,7.14,overcast clouds
369,Olpe,DE,51.03,7.85,46.0,93,100,1.01,moderate rain
370,Setermoen,NO,68.86,18.35,32.0,92,80,6.93,broken clouds
371,Ahuimanu,US,21.44,-157.84,87.8,65,75,12.75,broken clouds
372,Saint-Georges,GD,12.06,-61.75,86.0,70,20,9.17,thunderstorm
373,Amalapuram,IN,16.58,82.02,75.34,90,100,5.48,overcast clouds
374,Coos Bay,US,43.37,-124.22,73.0,93,75,10.29,mist
375,Saldanha,ZA,-33.01,17.94,46.4,75,23,1.12,few clouds
376,Cabo San Lucas,MX,22.89,-109.91,89.6,74,20,4.7,few clouds
377,Cascais,PT,38.7,-9.42,64.99,89,6,21.0,clear sky
378,Faya,SA,18.39,42.45,66.2,28,0,7.36,clear sky
379,Maceio,BR,-9.67,-35.74,77.0,78,40,6.93,scattered clouds
380,Kiunga,PG,-6.12,141.29,73.87,98,100,0.72,light rain
381,Egvekinot,RU,66.32,-179.17,30.7,84,0,4.14,clear sky
382,Taonan,CN,45.33,122.78,57.96,76,57,10.49,broken clouds
383,Soldatskaya,RU,43.82,43.82,62.6,88,90,2.24,overcast clouds
384,Neiafu,TO,-18.65,-173.98,78.8,65,20,12.75,few clouds
385,Sioux Lookout,CA,50.1,-91.92,68.0,56,75,5.82,broken clouds
386,Loukhi,RU,66.08,33.04,48.25,94,100,6.87,light rain
387,Vanimo,PG,-2.67,141.3,78.55,84,100,4.5,light rain
388,Sao Gabriel Da Cachoeira,BR,-0.13,-67.09,79.77,83,92,3.15,light rain
389,Haines Junction,CA,60.75,-137.51,49.5,66,99,5.46,light rain
390,Hearst,CA,49.68,-83.67,64.13,83,86,4.43,light rain
391,Armizonskoye,RU,55.95,67.67,42.78,77,0,4.38,clear sky
392,Pangkalanbuun,ID,-2.68,111.62,73.89,89,97,2.35,moderate rain
393,Uvat,RU,59.14,68.9,46.94,93,61,4.34,broken clouds
394,Vaitape,PF,-16.52,-151.75,79.2,77,5,13.6,clear sky
395,Karratha,AU,-20.74,116.85,64.27,39,98,9.15,overcast clouds
396,Yzeure,FR,46.56,3.35,46.0,93,5,2.24,clear sky
397,Asau,RO,46.43,26.4,55.99,97,81,6.06,light rain
398,Kudahuvadhoo,MV,2.67,72.89,82.38,74,60,9.66,light rain
399,Tianpeng,CN,30.99,103.94,66.99,61,100,5.06,overcast clouds
400,Dahuk,IQ,36.87,42.99,70.66,36,0,3.0,clear sky
401,Shache,CN,38.42,77.24,62.89,29,100,9.37,overcast clouds
402,Pangai,TO,-19.8,-174.35,78.8,65,40,16.11,scattered clouds
403,San Ramon De La Nueva Oran,AR,-23.13,-64.33,96.6,21,0,3.09,clear sky
404,Praya,CV,14.92,-23.51,78.8,88,40,4.7,scattered clouds
405,Birao,CF,10.28,22.79,72.14,88,57,3.44,broken clouds
406,Camocim,BR,-2.9,-40.84,78.33,77,20,16.31,few clouds
407,Flinders,AU,-34.58,150.86,57.0,54,2,8.01,clear sky
408,Fez,MA,34.04,-5.0,64.4,52,0,6.93,clear sky
409,Emerald,AU,-23.53,148.17,66.2,19,0,16.11,clear sky
410,Sola,VU,-13.88,167.55,82.4,83,75,11.41,broken clouds
411,Sibiti,CG,-3.68,13.35,69.91,90,96,5.1,overcast clouds
412,Kostolac,RS,44.71,21.17,53.6,100,100,4.7,overcast clouds
413,Orbetello,IT,42.44,11.22,50.0,81,75,6.93,light rain
414,Chintamani,IN,13.4,78.07,69.8,100,75,6.93,broken clouds
415,Jinsha,CN,32.09,121.07,68.0,78,8,5.99,clear sky
416,Abha,SA,18.22,42.51,66.2,30,0,7.92,clear sky
417,Umm Kaddadah,SD,13.6,26.69,90.05,33,28,6.91,scattered clouds
418,Ambulu,ID,-8.35,113.61,73.09,88,33,2.42,scattered clouds
419,Sri Aman,MY,1.24,111.46,73.4,100,100,2.08,light rain
420,Geraldton,AU,-28.77,114.6,57.2,93,90,8.05,overcast clouds
421,Nioro,GM,13.35,-15.75,78.33,93,43,5.82,light rain
422,Ancud,CL,-41.87,-73.82,52.0,84,82,1.01,broken clouds
423,Tokur,RU,53.13,132.9,43.18,92,79,3.62,broken clouds
424,Bima,ID,-8.47,118.72,75.02,89,88,3.85,overcast clouds
425,Viloco,BO,-16.95,-67.55,53.76,50,27,7.43,light rain
426,Kargasok,RU,59.06,80.86,36.99,89,66,5.97,broken clouds
427,Novikovo,RU,51.15,37.89,63.23,30,63,15.28,broken clouds
428,Rorvik,NO,64.86,11.24,49.55,64,96,8.57,overcast clouds
429,Vilhena,BR,-12.74,-60.15,82.4,51,100,11.41,light rain
430,Changji,CN,44.02,87.32,50.0,52,48,2.24,scattered clouds
431,Payakumbuh,ID,-0.22,100.63,67.95,88,100,1.54,light rain
432,Narsaq,GL,60.92,-46.05,34.25,87,22,4.12,few clouds
433,Pevek,RU,69.7,170.31,36.28,95,100,7.29,overcast clouds
434,Tazovskiy,RU,67.47,78.7,44.89,93,95,16.75,overcast clouds
435,Bagdarin,RU,54.43,113.6,33.37,92,46,4.34,scattered clouds
436,Kutum,SD,14.2,24.67,79.75,36,19,6.2,few clouds
437,Sao Filipe,CV,14.9,-24.5,81.63,83,23,5.53,few clouds
438,Duminichi,RU,53.93,35.11,56.14,58,7,9.13,clear sky
439,Pandan Niog,PH,6.23,120.56,83.35,77,83,8.46,moderate rain
440,Schroeder,BR,-26.41,-49.07,73.0,84,0,3.0,clear sky
441,Pemba,MZ,-12.97,40.52,75.99,82,23,16.78,few clouds
442,Grindavik,IS,63.84,-22.43,44.6,100,75,12.75,broken clouds
443,Kalispell,US,48.2,-114.31,59.0,38,75,14.99,broken clouds
444,Dukhovnitskoye,RU,52.48,48.21,52.95,56,100,6.42,overcast clouds
445,Dwarka,IN,22.24,68.97,81.39,76,42,13.44,scattered clouds
446,Marquette,US,46.53,-87.63,64.0,96,100,1.01,light rain
447,Lubyany,RU,56.04,51.4,44.6,75,95,6.71,overcast clouds
448,Kalemie,CD,-5.95,29.19,74.37,68,24,5.26,few clouds
449,Jaffna,LK,9.67,80.01,81.37,83,53,19.69,broken clouds
450,Inhambane,MZ,-23.86,35.38,72.1,84,4,1.21,clear sky
451,Palu,ID,-0.89,119.87,75.81,80,100,3.4,light rain
452,Basco,PH,20.45,121.97,83.16,79,100,11.83,moderate rain
453,Phangnga,TH,8.45,98.53,82.4,78,40,10.29,scattered clouds
454,Kruisfontein,ZA,-34.0,24.73,48.11,69,0,11.41,clear sky
455,Leningradskiy,RU,69.38,178.42,32.52,96,100,12.08,overcast clouds
456,Shabo,UA,46.13,30.39,71.6,88,89,15.66,overcast clouds
457,Liuzhou,CN,24.31,109.39,66.2,88,100,6.35,light rain
458,Marsassoum,SN,12.83,-15.98,80.6,88,90,5.01,moderate rain
459,Prado,BR,-17.34,-39.22,72.18,83,0,7.14,clear sky
460,Jardim,BR,-21.48,-56.14,88.88,29,0,5.37,clear sky
461,Spornoye,RU,50.84,37.29,62.6,39,42,15.66,scattered clouds
462,Bereda,ES,43.27,-7.54,59.0,100,100,2.44,overcast clouds
463,Kargil,IN,34.57,76.1,41.14,65,37,6.11,scattered clouds
464,Zhigansk,RU,66.77,123.37,42.44,89,99,4.38,overcast clouds
465,Crestview,US,30.76,-86.57,84.99,62,40,5.82,scattered clouds
466,Medicine Hat,CA,50.05,-110.67,63.0,35,40,14.99,scattered clouds
467,Farmington,US,36.73,-108.22,84.2,9,1,10.29,clear sky
468,Veraval,IN,20.9,70.37,79.39,80,42,9.13,scattered clouds
469,Sur,OM,22.57,59.53,82.42,58,0,10.8,clear sky
470,Bati,ET,11.18,40.02,71.19,54,71,6.98,broken clouds
471,Ixtapa,MX,20.7,-105.2,88.0,74,75,10.29,broken clouds
472,Alta Floresta,BR,-9.88,-56.09,73.74,88,95,5.3,light rain
473,Jand,PK,33.43,72.02,79.09,36,0,7.29,clear sky
474,Pangnirtung,CA,66.15,-65.71,33.08,88,76,3.36,broken clouds
475,Tadine,NC,-21.55,167.88,77.07,81,1,6.17,clear sky
476,Pringsewu,ID,-5.36,104.97,72.21,90,100,1.59,overcast clouds
477,Ozernovskiy,RU,51.5,156.52,48.42,67,56,1.28,broken clouds
478,Marsala,IT,37.8,12.44,71.01,64,40,14.99,scattered clouds
479,Severo-Kurilsk,RU,50.68,156.12,49.37,76,91,7.47,overcast clouds
480,Rincon,US,32.3,-81.24,84.2,70,75,8.05,broken clouds
481,Ushtobe,KZ,45.25,77.98,41.18,65,0,10.92,clear sky
482,Gotsu,JP,35.0,132.22,65.64,84,60,12.5,light rain
483,Ishim,RU,56.11,69.49,41.45,81,1,4.16,clear sky
484,Muzhi,RU,65.37,64.67,52.38,80,63,6.51,broken clouds
485,Beloha,MG,-25.17,45.05,68.04,85,0,2.91,clear sky
486,Hay River,CA,60.82,-115.8,48.2,81,90,5.82,overcast clouds
487,Sao Jose Da Coroa Grande,BR,-8.9,-35.15,75.09,84,100,6.53,overcast clouds
488,Goundam,ML,16.41,-3.67,96.22,22,6,7.74,clear sky
489,Fuling,CN,29.7,107.39,63.19,84,100,2.39,overcast clouds
490,Tura,IN,25.52,90.22,73.35,99,100,4.09,light rain
491,Orsk,RU,51.2,58.57,39.2,69,0,4.47,clear sky
492,Palora,EC,-1.7,-77.93,75.2,78,40,8.05,scattered clouds
493,Zarechnyy,RU,53.2,45.19,53.01,31,41,6.87,scattered clouds
494,Necochea,AR,-38.55,-58.74,53.01,98,100,5.99,moderate rain
495,Wagar,SD,16.15,36.2,88.81,40,70,2.73,broken clouds
496,Mangaluru,IN,12.87,74.88,77.0,94,90,3.36,light rain
497,Kichmengskiy Gorodok,RU,59.98,45.79,47.44,90,0,4.32,clear sky
498,Itoman,JP,26.12,127.67,73.4,78,75,17.22,light rain
499,Kasongo-Lunda,CD,-6.47,16.82,73.36,78,28,1.95,light rain
500,Izazi,TZ,-7.2,35.73,62.6,72,5,3.36,clear sky
501,Ifakara,TZ,-8.13,36.68,74.41,68,65,8.52,broken clouds
502,Tortosa,ES,40.81,0.52,70.0,64,29,17.49,scattered clouds
503,Mitchell,US,43.71,-98.03,77.0,44,1,13.87,clear sky
504,Krasnaya Gora,RU,53.0,31.6,66.2,59,0,11.18,clear sky
505,Mabaruma,GY,8.2,-59.78,78.73,84,99,3.2,overcast clouds
506,Belmonte,BR,-15.86,-38.88,75.2,69,40,8.05,scattered clouds
507,Cintalapa,MX,16.7,-93.73,76.41,89,100,2.73,moderate rain
508,Morondava,MG,-20.28,44.28,75.06,84,0,5.64,clear sky
509,Storslett,NO,69.77,21.02,36.27,82,93,2.19,overcast clouds
510,Laguna,US,38.42,-121.42,89.01,25,1,13.87,clear sky
511,Puerto Leguizamo,CO,-0.19,-74.78,84.07,67,81,2.86,broken clouds
512,Bemidji,US,47.47,-94.88,64.4,63,75,6.93,light rain
513,Okhotsk,RU,59.38,143.3,50.45,80,100,9.35,overcast clouds
514,Narbonne,FR,43.08,2.83,50.0,88,100,5.23,light rain
515,Caicedo,CO,6.41,-75.98,78.8,54,75,8.05,shower rain
516,Summerville,US,33.02,-80.18,80.6,78,20,3.22,few clouds
517,Nishihara,JP,26.18,127.76,73.4,88,90,11.41,light intensity shower rain
518,Reconquista,AR,-29.15,-59.65,88.48,45,30,13.31,scattered clouds
519,Te Anau,NZ,-45.42,167.72,42.76,89,100,4.61,light rain
520,Hokitika,NZ,-42.72,170.97,54.36,82,93,28.14,light rain
521,Zvishavane,ZW,-20.33,30.07,78.64,20,61,4.97,broken clouds
522,Wanaka,NZ,-44.7,169.15,44.74,80,99,4.63,light rain
523,San Juan Evangelista,MX,17.9,-95.13,84.2,74,90,11.41,overcast clouds
524,Cusuna,HN,15.85,-85.23,88.09,61,37,12.73,scattered clouds
525,Cabinda,AO,-5.55,12.2,74.32,80,67,7.7,broken clouds
526,Ust-Ishim,RU,57.69,71.17,45.14,81,97,3.78,overcast clouds
527,Barra Patuca,HN,15.8,-84.28,86.02,70,83,10.27,broken clouds
528,Korla,CN,41.76,86.15,56.84,36,6,18.92,clear sky
529,Zamora,EC,-4.07,-78.96,80.96,46,44,2.55,light rain
530,Kushima,JP,31.46,131.23,66.2,93,20,6.93,few clouds
531,Shar,KZ,49.59,81.05,41.59,91,100,6.46,overcast clouds
532,Kilindoni,TZ,-7.91,39.67,76.66,82,1,11.7,clear sky
533,Concepcion,CL,-36.83,-73.05,53.6,81,75,9.17,broken clouds
534,Lata,PT,40.16,-8.33,64.0,89,48,2.75,scattered clouds
535,Touros,BR,-5.2,-35.46,77.0,78,20,9.17,few clouds
536,Yamada,JP,39.47,141.95,60.89,86,100,4.45,overcast clouds
537,Zhicheng,CN,30.3,111.5,66.99,92,91,3.36,light rain
538,Calama,CL,-22.47,-68.93,68.0,11,0,24.16,clear sky
539,Oyskhara,RU,43.26,46.25,64.4,93,75,4.47,broken clouds
540,Khvoynaya,RU,58.9,34.53,52.16,88,0,5.7,clear sky
541,Coffs Harbour,AU,-30.3,153.13,53.6,58,0,5.82,clear sky
542,Viedma,AR,-40.81,-63.0,63.64,66,100,5.99,light rain
543,Lesosibirsk,RU,58.24,92.48,43.7,90,100,4.97,overcast clouds
544,Leshukonskoye,RU,64.9,45.76,52.18,94,25,5.95,scattered clouds
545,Angoche,MZ,-16.23,39.91,74.1,75,0,15.21,clear sky
546,Imeni Poliny Osipenko,RU,52.42,136.49,46.24,92,0,4.18,clear sky
547,Mizdah,LY,31.45,12.98,67.17,68,0,13.58,clear sky
548,Tsabong,BW,-26.02,22.4,54.68,36,0,9.57,clear sky
549,Biak,ID,-0.91,122.88,76.66,75,93,2.37,overcast clouds
550,Xuddur,SO,4.12,43.89,72.9,71,10,11.61,clear sky
551,Kampot,KH,10.62,104.18,78.8,83,40,11.41,scattered clouds
552,Erenhot,CN,43.65,111.98,59.41,55,0,2.64,clear sky
553,Mount Gambier,AU,-37.83,140.77,48.2,93,90,5.82,overcast clouds
554,Kelowna,CA,49.88,-119.49,62.6,42,90,14.99,overcast clouds
555,Alberton,CA,46.82,-64.07,63.7,73,99,13.8,overcast clouds
556,Wewak,PG,-3.55,143.63,81.32,81,72,4.43,broken clouds
557,Gayny,RU,60.31,54.32,46.08,95,10,3.85,clear sky
558,Moerai,PF,-22.43,-151.33,71.74,72,17,10.51,few clouds
559,San Quintin,MX,30.48,-115.95,72.73,68,45,10.58,scattered clouds
560,Kirakira,SB,-10.45,161.92,83.77,74,19,11.5,light rain
561,Letnyaya Stavka,RU,45.43,43.45,60.6,58,42,14.34,scattered clouds
562,Qasigiannguit,GL,68.82,-51.19,32.0,96,100,9.17,overcast clouds
563,Balabac,PH,7.99,117.06,81.55,78,93,8.21,overcast clouds
564,Zavetnoye,RU,47.12,43.89,57.49,48,97,20.04,overcast clouds
565,Curuca,BR,-0.73,-47.85,78.67,76,100,8.1,overcast clouds
566,Port-Gentil,GA,-0.72,8.78,78.8,78,20,11.41,few clouds
567,Piranshahr,IR,36.7,45.14,54.9,55,0,3.36,clear sky
